<?xml version="1.0" encoding="UTF-8" ?>
<!-- This is a WordPress eXtended RSS file generated by WordPress as an export of your site. -->
<!-- It contains information about your site's posts, pages, comments, categories, and other content. -->
<!-- You may use this file to transfer that content from one site to another. -->
<!-- This file is not intended to serve as a complete backup of your site. -->

<!-- To import this information into a WordPress site follow these steps: -->
<!-- 1. Log in to that site as an administrator. -->
<!-- 2. Go to Tools: Import in the WordPress admin panel. -->
<!-- 3. Install the "WordPress" importer from the list. -->
<!-- 4. Activate & Run Importer. -->
<!-- 5. Upload this file using the form provided on that page. -->
<!-- 6. You will first be asked to map the authors in this export file to users -->
<!--    on the site. For each author, you may choose to map to an -->
<!--    existing user on the site or to create a new user. -->
<!-- 7. WordPress will then import each of the posts, pages, comments, categories, etc. -->
<!--    contained in this file into your site. -->

	<!-- generator="WordPress/5.8.3" created="2022-01-19 10:19" -->
<rss version="2.0"
	xmlns:excerpt="http://wordpress.org/export/1.2/excerpt/"
	xmlns:content="http://purl.org/rss/1.0/modules/content/"
	xmlns:wfw="http://wellformedweb.org/CommentAPI/"
	xmlns:dc="http://purl.org/dc/elements/1.1/"
	xmlns:wp="http://wordpress.org/export/1.2/"
>

<channel>
	<title>Trimestre2-Hito1-SergioCaminoSaiz</title>
	<link>http://localhost/wordpress</link>
	<description>Hola, me llamo Sergio Camino Saiz</description>
	<pubDate>Wed, 19 Jan 2022 10:19:34 +0000</pubDate>
	<language>es</language>
	<wp:wxr_version>1.2</wp:wxr_version>
	<wp:base_site_url>http://localhost/wordpress</wp:base_site_url>
	<wp:base_blog_url>http://localhost/wordpress</wp:base_blog_url>

		<wp:author><wp:author_id>1</wp:author_id><wp:author_login><![CDATA[sergioc]]></wp:author_login><wp:author_email><![CDATA[sergio.camino@campusfp.es]]></wp:author_email><wp:author_display_name><![CDATA[sergioc]]></wp:author_display_name><wp:author_first_name><![CDATA[]]></wp:author_first_name><wp:author_last_name><![CDATA[]]></wp:author_last_name></wp:author>

		<wp:category>
		<wp:term_id>2</wp:term_id>
		<wp:category_nicename><![CDATA[grado-superior]]></wp:category_nicename>
		<wp:category_parent><![CDATA[]]></wp:category_parent>
		<wp:cat_name><![CDATA[Grado Superior]]></wp:cat_name>
	</wp:category>
		<wp:category>
		<wp:term_id>3</wp:term_id>
		<wp:category_nicename><![CDATA[registrarse]]></wp:category_nicename>
		<wp:category_parent><![CDATA[]]></wp:category_parent>
		<wp:cat_name><![CDATA[Registrarse]]></wp:cat_name>
	</wp:category>
		<wp:category>
		<wp:term_id>1</wp:term_id>
		<wp:category_nicename><![CDATA[sobre-mi]]></wp:category_nicename>
		<wp:category_parent><![CDATA[]]></wp:category_parent>
		<wp:cat_name><![CDATA[Sobre mi]]></wp:cat_name>
	</wp:category>
					<wp:term><wp:term_id>4</wp:term_id><wp:term_taxonomy>nav_menu</wp:term_taxonomy><wp:term_slug><![CDATA[menu]]></wp:term_slug><wp:term_name><![CDATA[MENÚ]]></wp:term_name>
</wp:term>

	<generator>https://wordpress.org/?v=5.8.3</generator>

		<item>
		<title><![CDATA[¿A qué me dedico?]]></title>
		<link>http://localhost/wordpress/2022/01/14/hola-mundo/</link>
		<pubDate>Fri, 14 Jan 2022 11:33:22 +0000</pubDate>
		<dc:creator><![CDATA[sergioc]]></dc:creator>
		<guid isPermaLink="false">http://localhost/wordpress/?p=1</guid>
		<description></description>
		<content:encoded><![CDATA[<img class="alignnone size-full wp-image-11" src="http://localhost/wordpress/wp-content/uploads/2022/01/Simple-Technology-LinkedIn-Banner.png" alt="" width="1584" height="396" />

Soy un alumno de grado superior de Desarrollo de Aplicaciones Multiplataforma. Tengo 19 años. En mi tiempo libre me gusta utilizar las redes sociales, leerme algún libro interesante o hacer deporte. Esta página web la creo para que me conozcáis un poco mas.]]></content:encoded>
		<excerpt:encoded><![CDATA[]]></excerpt:encoded>
		<wp:post_id>1</wp:post_id>
		<wp:post_date><![CDATA[2022-01-14 11:33:22]]></wp:post_date>
		<wp:post_date_gmt><![CDATA[2022-01-14 11:33:22]]></wp:post_date_gmt>
		<wp:post_modified><![CDATA[2022-01-14 12:33:34]]></wp:post_modified>
		<wp:post_modified_gmt><![CDATA[2022-01-14 12:33:34]]></wp:post_modified_gmt>
		<wp:comment_status><![CDATA[open]]></wp:comment_status>
		<wp:ping_status><![CDATA[open]]></wp:ping_status>
		<wp:post_name><![CDATA[hola-mundo]]></wp:post_name>
		<wp:status><![CDATA[publish]]></wp:status>
		<wp:post_parent>0</wp:post_parent>
		<wp:menu_order>0</wp:menu_order>
		<wp:post_type><![CDATA[post]]></wp:post_type>
		<wp:post_password><![CDATA[]]></wp:post_password>
		<wp:is_sticky>0</wp:is_sticky>
										<category domain="category" nicename="sobre-mi"><![CDATA[Sobre mi]]></category>
						<wp:postmeta>
		<wp:meta_key><![CDATA[_edit_last]]></wp:meta_key>
		<wp:meta_value><![CDATA[1]]></wp:meta_value>
		</wp:postmeta>
							<wp:postmeta>
		<wp:meta_key><![CDATA[_wp_page_template]]></wp:meta_key>
		<wp:meta_value><![CDATA[default]]></wp:meta_value>
		</wp:postmeta>
							<wp:postmeta>
		<wp:meta_key><![CDATA[_edit_last]]></wp:meta_key>
		<wp:meta_value><![CDATA[1]]></wp:meta_value>
		</wp:postmeta>
							<wp:postmeta>
		<wp:meta_key><![CDATA[_wp_page_template]]></wp:meta_key>
		<wp:meta_value><![CDATA[default]]></wp:meta_value>
		</wp:postmeta>
							<wp:comment>
			<wp:comment_id>1</wp:comment_id>
			<wp:comment_author><![CDATA[Un comentarista de WordPress]]></wp:comment_author>
			<wp:comment_author_email><![CDATA[wapuu@wordpress.example]]></wp:comment_author_email>
			<wp:comment_author_url>https://wordpress.org/</wp:comment_author_url>
			<wp:comment_author_IP><![CDATA[]]></wp:comment_author_IP>
			<wp:comment_date><![CDATA[2022-01-14 11:33:22]]></wp:comment_date>
			<wp:comment_date_gmt><![CDATA[2022-01-14 11:33:22]]></wp:comment_date_gmt>
			<wp:comment_content><![CDATA[Hola, esto es un comentario.
Para empezar a moderar, editar y borrar comentarios, por favor, visita la pantalla de comentarios en el escritorio.
Los avatares de los comentaristas provienen de <a href="https://gravatar.com">Gravatar</a>.]]></wp:comment_content>
			<wp:comment_approved><![CDATA[1]]></wp:comment_approved>
			<wp:comment_type><![CDATA[comment]]></wp:comment_type>
			<wp:comment_parent>0</wp:comment_parent>
			<wp:comment_user_id>0</wp:comment_user_id>
							</wp:comment>
					</item>
					<item>
		<title><![CDATA[Políticas de privacidad]]></title>
		<link>http://localhost/wordpress/politica-privacidad/</link>
		<pubDate>Fri, 14 Jan 2022 11:33:22 +0000</pubDate>
		<dc:creator><![CDATA[sergioc]]></dc:creator>
		<guid isPermaLink="false">http://localhost/wordpress/?page_id=3</guid>
		<description></description>
		<content:encoded><![CDATA[<!-- wp:heading -->
<h2>¿Quién soy?</h2>
<!-- /wp:heading -->

<!-- wp:paragraph -->
<p><b>Soy un alumno de DAM de CampusFp de Getafe. Me llamo Sergio Camino Saiz.</b></p>
<!-- /wp:paragraph -->

<!-- wp:heading --><!-- /wp:paragraph -->

<!-- wp:heading -->
<h2>Cookies</h2>
<!-- /wp:heading -->

<!-- wp:paragraph -->
<p>Esta página web esta en proceso de mejora y todavía falta cambiar muchas cosas por lo que cookies por el momento no tiene. (18/01/2022).</p>
<!-- /wp:paragraph -->

<!-- wp:heading -->
<h2>Contenido incrustado de otros sitios web</h2>
<!-- /wp:heading -->

<!-- wp:paragraph -->
<p>El contenido incrustado de otras páginas webs tendrán sus créditos correspondientes y el autor.</p>
<!-- /wp:paragraph -->

<!-- wp:heading --><!-- /wp:paragraph -->]]></content:encoded>
		<excerpt:encoded><![CDATA[]]></excerpt:encoded>
		<wp:post_id>3</wp:post_id>
		<wp:post_date><![CDATA[2022-01-14 11:33:22]]></wp:post_date>
		<wp:post_date_gmt><![CDATA[2022-01-14 11:33:22]]></wp:post_date_gmt>
		<wp:post_modified><![CDATA[2022-01-18 08:48:44]]></wp:post_modified>
		<wp:post_modified_gmt><![CDATA[2022-01-18 08:48:44]]></wp:post_modified_gmt>
		<wp:comment_status><![CDATA[closed]]></wp:comment_status>
		<wp:ping_status><![CDATA[open]]></wp:ping_status>
		<wp:post_name><![CDATA[politica-privacidad]]></wp:post_name>
		<wp:status><![CDATA[publish]]></wp:status>
		<wp:post_parent>0</wp:post_parent>
		<wp:menu_order>0</wp:menu_order>
		<wp:post_type><![CDATA[page]]></wp:post_type>
		<wp:post_password><![CDATA[]]></wp:post_password>
		<wp:is_sticky>0</wp:is_sticky>
														<wp:postmeta>
		<wp:meta_key><![CDATA[_wp_page_template]]></wp:meta_key>
		<wp:meta_value><![CDATA[default]]></wp:meta_value>
		</wp:postmeta>
							<wp:postmeta>
		<wp:meta_key><![CDATA[_edit_last]]></wp:meta_key>
		<wp:meta_value><![CDATA[1]]></wp:meta_value>
		</wp:postmeta>
							<wp:postmeta>
		<wp:meta_key><![CDATA[_kad_post_transparent]]></wp:meta_key>
		<wp:meta_value><![CDATA[default]]></wp:meta_value>
		</wp:postmeta>
							<wp:postmeta>
		<wp:meta_key><![CDATA[_kad_post_title]]></wp:meta_key>
		<wp:meta_value><![CDATA[default]]></wp:meta_value>
		</wp:postmeta>
							<wp:postmeta>
		<wp:meta_key><![CDATA[_kad_post_layout]]></wp:meta_key>
		<wp:meta_value><![CDATA[default]]></wp:meta_value>
		</wp:postmeta>
							<wp:postmeta>
		<wp:meta_key><![CDATA[_kad_post_content_style]]></wp:meta_key>
		<wp:meta_value><![CDATA[default]]></wp:meta_value>
		</wp:postmeta>
							<wp:postmeta>
		<wp:meta_key><![CDATA[_kad_post_vertical_padding]]></wp:meta_key>
		<wp:meta_value><![CDATA[default]]></wp:meta_value>
		</wp:postmeta>
							<wp:postmeta>
		<wp:meta_key><![CDATA[_wp_suggested_privacy_policy_content]]></wp:meta_key>
		<wp:meta_value><![CDATA[a:3:{s:11:"plugin_name";s:9:"WordPress";s:11:"policy_text";s:4753:"<h2>Quiénes somos</h2><p><strong class="privacy-policy-tutorial">Texto sugerido: </strong>La dirección de nuestra web es: http://localhost/wordpress.</p><h2>Comentarios</h2><p><strong class="privacy-policy-tutorial">Texto sugerido: </strong>Cuando los visitantes dejan comentarios en la web, recopilamos los datos que se muestran en el formulario de comentarios, así como la dirección IP del visitante y la cadena de agentes de usuario del navegador para ayudar a la detección de spam.</p><p>Una cadena anónima creada a partir de tu dirección de correo electrónico (también llamada hash) puede ser proporcionada al servicio de Gravatar para ver si la estás usando. La política de privacidad del servicio Gravatar está disponible aquí: https://automattic.com/privacy/. Después de la aprobación de tu comentario, la imagen de tu perfil es visible para el público en el contexto de tu comentario.</p><h2>Medios</h2><p><strong class="privacy-policy-tutorial">Texto sugerido: </strong>Si subes imágenes a la web, deberías evitar subir imágenes con datos de ubicación (GPS EXIF) incluidos. Los visitantes de la web pueden descargar y extraer cualquier dato de ubicación de las imágenes de la web.</p><h2>Cookies</h2><p><strong class="privacy-policy-tutorial">Texto sugerido: </strong>Si dejas un comentario en nuestro sitio puedes elegir guardar tu nombre, dirección de correo electrónico y web en cookies. Esto es para tu comodidad, para que no tengas que volver a rellenar tus datos cuando dejes otro comentario. Estas cookies tendrán una duración de un año.</p><p>Si tienes una cuenta y te conectas a este sitio, instalaremos una cookie temporal para determinar si tu navegador acepta cookies. Esta cookie no contiene datos personales y se elimina al cerrar el navegador.</p><p>Cuando accedas, también instalaremos varias cookies para guardar tu información de acceso y tus opciones de visualización de pantalla. Las cookies de acceso duran dos días, y las cookies de opciones de pantalla duran un año. Si seleccionas «Recuérdarme», tu acceso perdurará durante dos semanas. Si sales de tu cuenta, las cookies de acceso se eliminarán.</p><p>Si editas o publicas un artículo se guardará una cookie adicional en tu navegador. Esta cookie no incluye datos personales y simplemente indica el ID del artículo que acabas de editar. Caduca después de 1 día.</p><h2>Contenido incrustado de otros sitios web</h2><p><strong class="privacy-policy-tutorial">Texto sugerido: </strong>Los artículos de este sitio pueden incluir contenido incrustado (por ejemplo, vídeos, imágenes, artículos, etc.). El contenido incrustado de otras webs se comporta exactamente de la misma manera que si el visitante hubiera visitado la otra web.</p><p>Estas web pueden recopilar datos sobre ti, utilizar cookies, incrustar un seguimiento adicional de terceros, y supervisar tu interacción con ese contenido incrustado, incluido el seguimiento de tu interacción con el contenido incrustado si tienes una cuenta y estás conectado a esa web.</p><h2>Con quién compartimos tus datos</h2><p><strong class="privacy-policy-tutorial">Texto sugerido: </strong>Si solicitas un restablecimiento de contraseña, tu dirección IP será incluida en el correo electrónico de restablecimiento.</p><h2>Cuánto tiempo conservamos tus datos</h2><p><strong class="privacy-policy-tutorial">Texto sugerido: </strong>Si dejas un comentario, el comentario y sus metadatos se conservan indefinidamente. Esto es para que podamos reconocer y aprobar comentarios sucesivos automáticamente, en lugar de mantenerlos en una cola de moderación.</p><p>De los usuarios que se registran en nuestra web (si los hay), también almacenamos la información personal que proporcionan en su perfil de usuario. Todos los usuarios pueden ver, editar o eliminar su información personal en cualquier momento (excepto que no pueden cambiar su nombre de usuario). Los administradores de la web también pueden ver y editar esa información.</p><h2>Qué derechos tienes sobre tus datos</h2><p><strong class="privacy-policy-tutorial">Texto sugerido: </strong>Si tienes una cuenta o has dejado comentarios en esta web, puedes solicitar recibir un archivo de exportación de los datos personales que tenemos sobre ti, incluyendo cualquier dato que nos hayas proporcionado. También puedes solicitar que eliminemos cualquier dato personal que tengamos sobre ti. Esto no incluye ningún dato que estemos obligados a conservar con fines administrativos, legales o de seguridad.</p><h2>Dónde enviamos tus datos</h2><p><strong class="privacy-policy-tutorial">Texto sugerido: </strong>Los comentarios de los visitantes puede que los revise un servicio de detección automática de spam.</p>";s:5:"added";i:1642495835;}]]></wp:meta_value>
		</wp:postmeta>
							<wp:postmeta>
		<wp:meta_key><![CDATA[_wp_page_template]]></wp:meta_key>
		<wp:meta_value><![CDATA[default]]></wp:meta_value>
		</wp:postmeta>
							<wp:postmeta>
		<wp:meta_key><![CDATA[_edit_last]]></wp:meta_key>
		<wp:meta_value><![CDATA[1]]></wp:meta_value>
		</wp:postmeta>
							<wp:postmeta>
		<wp:meta_key><![CDATA[_kad_post_transparent]]></wp:meta_key>
		<wp:meta_value><![CDATA[default]]></wp:meta_value>
		</wp:postmeta>
							<wp:postmeta>
		<wp:meta_key><![CDATA[_kad_post_title]]></wp:meta_key>
		<wp:meta_value><![CDATA[default]]></wp:meta_value>
		</wp:postmeta>
							<wp:postmeta>
		<wp:meta_key><![CDATA[_kad_post_layout]]></wp:meta_key>
		<wp:meta_value><![CDATA[default]]></wp:meta_value>
		</wp:postmeta>
							<wp:postmeta>
		<wp:meta_key><![CDATA[_kad_post_content_style]]></wp:meta_key>
		<wp:meta_value><![CDATA[default]]></wp:meta_value>
		</wp:postmeta>
							<wp:postmeta>
		<wp:meta_key><![CDATA[_kad_post_vertical_padding]]></wp:meta_key>
		<wp:meta_value><![CDATA[default]]></wp:meta_value>
		</wp:postmeta>
							<wp:postmeta>
		<wp:meta_key><![CDATA[_wp_suggested_privacy_policy_content]]></wp:meta_key>
		<wp:meta_value><![CDATA[a:3:{s:11:"plugin_name";s:9:"WordPress";s:11:"policy_text";s:4753:"<h2>Quiénes somos</h2><p><strong class="privacy-policy-tutorial">Texto sugerido: </strong>La dirección de nuestra web es: http://localhost/wordpress.</p><h2>Comentarios</h2><p><strong class="privacy-policy-tutorial">Texto sugerido: </strong>Cuando los visitantes dejan comentarios en la web, recopilamos los datos que se muestran en el formulario de comentarios, así como la dirección IP del visitante y la cadena de agentes de usuario del navegador para ayudar a la detección de spam.</p><p>Una cadena anónima creada a partir de tu dirección de correo electrónico (también llamada hash) puede ser proporcionada al servicio de Gravatar para ver si la estás usando. La política de privacidad del servicio Gravatar está disponible aquí: https://automattic.com/privacy/. Después de la aprobación de tu comentario, la imagen de tu perfil es visible para el público en el contexto de tu comentario.</p><h2>Medios</h2><p><strong class="privacy-policy-tutorial">Texto sugerido: </strong>Si subes imágenes a la web, deberías evitar subir imágenes con datos de ubicación (GPS EXIF) incluidos. Los visitantes de la web pueden descargar y extraer cualquier dato de ubicación de las imágenes de la web.</p><h2>Cookies</h2><p><strong class="privacy-policy-tutorial">Texto sugerido: </strong>Si dejas un comentario en nuestro sitio puedes elegir guardar tu nombre, dirección de correo electrónico y web en cookies. Esto es para tu comodidad, para que no tengas que volver a rellenar tus datos cuando dejes otro comentario. Estas cookies tendrán una duración de un año.</p><p>Si tienes una cuenta y te conectas a este sitio, instalaremos una cookie temporal para determinar si tu navegador acepta cookies. Esta cookie no contiene datos personales y se elimina al cerrar el navegador.</p><p>Cuando accedas, también instalaremos varias cookies para guardar tu información de acceso y tus opciones de visualización de pantalla. Las cookies de acceso duran dos días, y las cookies de opciones de pantalla duran un año. Si seleccionas «Recuérdarme», tu acceso perdurará durante dos semanas. Si sales de tu cuenta, las cookies de acceso se eliminarán.</p><p>Si editas o publicas un artículo se guardará una cookie adicional en tu navegador. Esta cookie no incluye datos personales y simplemente indica el ID del artículo que acabas de editar. Caduca después de 1 día.</p><h2>Contenido incrustado de otros sitios web</h2><p><strong class="privacy-policy-tutorial">Texto sugerido: </strong>Los artículos de este sitio pueden incluir contenido incrustado (por ejemplo, vídeos, imágenes, artículos, etc.). El contenido incrustado de otras webs se comporta exactamente de la misma manera que si el visitante hubiera visitado la otra web.</p><p>Estas web pueden recopilar datos sobre ti, utilizar cookies, incrustar un seguimiento adicional de terceros, y supervisar tu interacción con ese contenido incrustado, incluido el seguimiento de tu interacción con el contenido incrustado si tienes una cuenta y estás conectado a esa web.</p><h2>Con quién compartimos tus datos</h2><p><strong class="privacy-policy-tutorial">Texto sugerido: </strong>Si solicitas un restablecimiento de contraseña, tu dirección IP será incluida en el correo electrónico de restablecimiento.</p><h2>Cuánto tiempo conservamos tus datos</h2><p><strong class="privacy-policy-tutorial">Texto sugerido: </strong>Si dejas un comentario, el comentario y sus metadatos se conservan indefinidamente. Esto es para que podamos reconocer y aprobar comentarios sucesivos automáticamente, en lugar de mantenerlos en una cola de moderación.</p><p>De los usuarios que se registran en nuestra web (si los hay), también almacenamos la información personal que proporcionan en su perfil de usuario. Todos los usuarios pueden ver, editar o eliminar su información personal en cualquier momento (excepto que no pueden cambiar su nombre de usuario). Los administradores de la web también pueden ver y editar esa información.</p><h2>Qué derechos tienes sobre tus datos</h2><p><strong class="privacy-policy-tutorial">Texto sugerido: </strong>Si tienes una cuenta o has dejado comentarios en esta web, puedes solicitar recibir un archivo de exportación de los datos personales que tenemos sobre ti, incluyendo cualquier dato que nos hayas proporcionado. También puedes solicitar que eliminemos cualquier dato personal que tengamos sobre ti. Esto no incluye ningún dato que estemos obligados a conservar con fines administrativos, legales o de seguridad.</p><h2>Dónde enviamos tus datos</h2><p><strong class="privacy-policy-tutorial">Texto sugerido: </strong>Los comentarios de los visitantes puede que los revise un servicio de detección automática de spam.</p>";s:5:"added";i:1642495835;}]]></wp:meta_value>
		</wp:postmeta>
							</item>
					<item>
		<title><![CDATA[sergioc]]></title>
		<link>http://localhost/wordpress/sergioc/</link>
		<pubDate>Fri, 14 Jan 2022 11:57:31 +0000</pubDate>
		<dc:creator><![CDATA[sergioc]]></dc:creator>
		<guid isPermaLink="false">http://localhost/wordpress/wp-content/uploads/2022/01/sergioc.jpg</guid>
		<description></description>
		<content:encoded><![CDATA[]]></content:encoded>
		<excerpt:encoded><![CDATA[]]></excerpt:encoded>
		<wp:post_id>5</wp:post_id>
		<wp:post_date><![CDATA[2022-01-14 11:57:31]]></wp:post_date>
		<wp:post_date_gmt><![CDATA[2022-01-14 11:57:31]]></wp:post_date_gmt>
		<wp:post_modified><![CDATA[2022-01-14 11:57:31]]></wp:post_modified>
		<wp:post_modified_gmt><![CDATA[2022-01-14 11:57:31]]></wp:post_modified_gmt>
		<wp:comment_status><![CDATA[open]]></wp:comment_status>
		<wp:ping_status><![CDATA[closed]]></wp:ping_status>
		<wp:post_name><![CDATA[sergioc]]></wp:post_name>
		<wp:status><![CDATA[inherit]]></wp:status>
		<wp:post_parent>0</wp:post_parent>
		<wp:menu_order>0</wp:menu_order>
		<wp:post_type><![CDATA[attachment]]></wp:post_type>
		<wp:post_password><![CDATA[]]></wp:post_password>
		<wp:is_sticky>0</wp:is_sticky>
						<wp:attachment_url><![CDATA[http://localhost/wordpress/wp-content/uploads/2022/01/sergioc.jpg]]></wp:attachment_url>
											<wp:postmeta>
		<wp:meta_key><![CDATA[_wp_attached_file]]></wp:meta_key>
		<wp:meta_value><![CDATA[2022/01/sergioc.jpg]]></wp:meta_value>
		</wp:postmeta>
							<wp:postmeta>
		<wp:meta_key><![CDATA[_wp_attachment_metadata]]></wp:meta_key>
		<wp:meta_value><![CDATA[a:5:{s:5:"width";i:5184;s:6:"height";i:3880;s:4:"file";s:19:"2022/01/sergioc.jpg";s:5:"sizes";a:0:{}s:10:"image_meta";a:12:{s:8:"aperture";s:3:"2.2";s:6:"credit";s:0:"";s:6:"camera";s:10:"M2102J20SG";s:7:"caption";s:0:"";s:17:"created_timestamp";s:10:"1637572819";s:9:"copyright";s:0:"";s:12:"focal_length";s:4:"3.14";s:3:"iso";s:3:"287";s:13:"shutter_speed";s:17:"0.033333333333333";s:5:"title";s:0:"";s:11:"orientation";s:1:"8";s:8:"keywords";a:0:{}}}]]></wp:meta_value>
		</wp:postmeta>
							</item>
					<item>
		<title><![CDATA[Kit por defecto]]></title>
		<link>http://localhost/wordpress/?elementor_library=kit-por-defecto</link>
		<pubDate>Fri, 14 Jan 2022 12:00:27 +0000</pubDate>
		<dc:creator><![CDATA[sergioc]]></dc:creator>
		<guid isPermaLink="false">http://localhost/wordpress/?p=6</guid>
		<description></description>
		<content:encoded><![CDATA[]]></content:encoded>
		<excerpt:encoded><![CDATA[]]></excerpt:encoded>
		<wp:post_id>6</wp:post_id>
		<wp:post_date><![CDATA[2022-01-14 12:00:27]]></wp:post_date>
		<wp:post_date_gmt><![CDATA[2022-01-14 12:00:27]]></wp:post_date_gmt>
		<wp:post_modified><![CDATA[2022-01-19 10:17:13]]></wp:post_modified>
		<wp:post_modified_gmt><![CDATA[2022-01-19 10:17:13]]></wp:post_modified_gmt>
		<wp:comment_status><![CDATA[closed]]></wp:comment_status>
		<wp:ping_status><![CDATA[closed]]></wp:ping_status>
		<wp:post_name><![CDATA[kit-por-defecto]]></wp:post_name>
		<wp:status><![CDATA[publish]]></wp:status>
		<wp:post_parent>0</wp:post_parent>
		<wp:menu_order>0</wp:menu_order>
		<wp:post_type><![CDATA[elementor_library]]></wp:post_type>
		<wp:post_password><![CDATA[]]></wp:post_password>
		<wp:is_sticky>0</wp:is_sticky>
														<wp:postmeta>
		<wp:meta_key><![CDATA[_elementor_edit_mode]]></wp:meta_key>
		<wp:meta_value><![CDATA[builder]]></wp:meta_value>
		</wp:postmeta>
							<wp:postmeta>
		<wp:meta_key><![CDATA[_elementor_template_type]]></wp:meta_key>
		<wp:meta_value><![CDATA[kit]]></wp:meta_value>
		</wp:postmeta>
							<wp:postmeta>
		<wp:meta_key><![CDATA[_wp_page_template]]></wp:meta_key>
		<wp:meta_value><![CDATA[default]]></wp:meta_value>
		</wp:postmeta>
							<wp:postmeta>
		<wp:meta_key><![CDATA[_elementor_page_settings]]></wp:meta_key>
		<wp:meta_value><![CDATA[a:3:{s:16:"site_description";s:33:"Hola, me llamo Sergio Camino Saiz";s:13:"custom_colors";a:9:{i:0;a:3:{s:3:"_id";s:8:"kadence1";s:5:"title";s:17:"Énfasis del tema";s:5:"color";s:7:"#2B6CB0";}i:1;a:3:{s:3:"_id";s:8:"kadence2";s:5:"title";s:21:"Acento del tema - alt";s:5:"color";s:7:"#215387";}i:2;a:3:{s:3:"_id";s:8:"kadence3";s:5:"title";s:17:"Texto más fuerte";s:5:"color";s:7:"#1A202C";}i:3;a:3:{s:3:"_id";s:8:"kadence4";s:5:"title";s:12:"Texto fuerte";s:5:"color";s:7:"#2D3748";}i:4;a:3:{s:3:"_id";s:8:"kadence5";s:5:"title";s:11:"Texto medio";s:5:"color";s:7:"#4A5568";}i:5;a:3:{s:3:"_id";s:8:"kadence6";s:5:"title";s:11:"Texto sutil";s:5:"color";s:7:"#718096";}i:6;a:3:{s:3:"_id";s:8:"kadence7";s:5:"title";s:11:"Fondo sutil";s:5:"color";s:7:"#EDF2F7";}i:7;a:3:{s:3:"_id";s:8:"kadence8";s:5:"title";s:16:"Fondo más claro";s:5:"color";s:7:"#F7FAFC";}i:8;a:3:{s:3:"_id";s:8:"kadence9";s:5:"title";s:20:"Blanco o blanquecino";s:5:"color";s:7:"#ffffff";}}s:14:"kadence_colors";a:9:{i:0;a:3:{s:3:"_id";s:8:"palette1";s:5:"title";s:17:"Énfasis del tema";s:5:"color";s:7:"#2B6CB0";}i:1;a:3:{s:3:"_id";s:8:"palette2";s:5:"title";s:21:"Acento del tema - alt";s:5:"color";s:7:"#215387";}i:2;a:3:{s:3:"_id";s:8:"palette3";s:5:"title";s:17:"Texto más fuerte";s:5:"color";s:7:"#1A202C";}i:3;a:3:{s:3:"_id";s:8:"palette4";s:5:"title";s:12:"Texto fuerte";s:5:"color";s:7:"#2D3748";}i:4;a:3:{s:3:"_id";s:8:"palette5";s:5:"title";s:11:"Texto medio";s:5:"color";s:7:"#4A5568";}i:5;a:3:{s:3:"_id";s:8:"palette6";s:5:"title";s:11:"Texto sutil";s:5:"color";s:7:"#718096";}i:6;a:3:{s:3:"_id";s:8:"palette7";s:5:"title";s:11:"Fondo sutil";s:5:"color";s:7:"#EDF2F7";}i:7;a:3:{s:3:"_id";s:8:"palette8";s:5:"title";s:16:"Fondo más claro";s:5:"color";s:7:"#F7FAFC";}i:8;a:3:{s:3:"_id";s:8:"palette9";s:5:"title";s:20:"Blanco o blanquecino";s:5:"color";s:7:"#ffffff";}}}]]></wp:meta_value>
		</wp:postmeta>
							<wp:postmeta>
		<wp:meta_key><![CDATA[_elementor_edit_mode]]></wp:meta_key>
		<wp:meta_value><![CDATA[builder]]></wp:meta_value>
		</wp:postmeta>
							<wp:postmeta>
		<wp:meta_key><![CDATA[_elementor_template_type]]></wp:meta_key>
		<wp:meta_value><![CDATA[kit]]></wp:meta_value>
		</wp:postmeta>
							<wp:postmeta>
		<wp:meta_key><![CDATA[_wp_page_template]]></wp:meta_key>
		<wp:meta_value><![CDATA[default]]></wp:meta_value>
		</wp:postmeta>
							<wp:postmeta>
		<wp:meta_key><![CDATA[_elementor_page_settings]]></wp:meta_key>
		<wp:meta_value><![CDATA[a:3:{s:16:"site_description";s:33:"Hola, me llamo Sergio Camino Saiz";s:13:"custom_colors";a:9:{i:0;a:3:{s:3:"_id";s:8:"kadence1";s:5:"title";s:17:"Énfasis del tema";s:5:"color";s:7:"#2B6CB0";}i:1;a:3:{s:3:"_id";s:8:"kadence2";s:5:"title";s:21:"Acento del tema - alt";s:5:"color";s:7:"#215387";}i:2;a:3:{s:3:"_id";s:8:"kadence3";s:5:"title";s:17:"Texto más fuerte";s:5:"color";s:7:"#1A202C";}i:3;a:3:{s:3:"_id";s:8:"kadence4";s:5:"title";s:12:"Texto fuerte";s:5:"color";s:7:"#2D3748";}i:4;a:3:{s:3:"_id";s:8:"kadence5";s:5:"title";s:11:"Texto medio";s:5:"color";s:7:"#4A5568";}i:5;a:3:{s:3:"_id";s:8:"kadence6";s:5:"title";s:11:"Texto sutil";s:5:"color";s:7:"#718096";}i:6;a:3:{s:3:"_id";s:8:"kadence7";s:5:"title";s:11:"Fondo sutil";s:5:"color";s:7:"#EDF2F7";}i:7;a:3:{s:3:"_id";s:8:"kadence8";s:5:"title";s:16:"Fondo más claro";s:5:"color";s:7:"#F7FAFC";}i:8;a:3:{s:3:"_id";s:8:"kadence9";s:5:"title";s:20:"Blanco o blanquecino";s:5:"color";s:7:"#ffffff";}}s:14:"kadence_colors";a:9:{i:0;a:3:{s:3:"_id";s:8:"palette1";s:5:"title";s:17:"Énfasis del tema";s:5:"color";s:7:"#2B6CB0";}i:1;a:3:{s:3:"_id";s:8:"palette2";s:5:"title";s:21:"Acento del tema - alt";s:5:"color";s:7:"#215387";}i:2;a:3:{s:3:"_id";s:8:"palette3";s:5:"title";s:17:"Texto más fuerte";s:5:"color";s:7:"#1A202C";}i:3;a:3:{s:3:"_id";s:8:"palette4";s:5:"title";s:12:"Texto fuerte";s:5:"color";s:7:"#2D3748";}i:4;a:3:{s:3:"_id";s:8:"palette5";s:5:"title";s:11:"Texto medio";s:5:"color";s:7:"#4A5568";}i:5;a:3:{s:3:"_id";s:8:"palette6";s:5:"title";s:11:"Texto sutil";s:5:"color";s:7:"#718096";}i:6;a:3:{s:3:"_id";s:8:"palette7";s:5:"title";s:11:"Fondo sutil";s:5:"color";s:7:"#EDF2F7";}i:7;a:3:{s:3:"_id";s:8:"palette8";s:5:"title";s:16:"Fondo más claro";s:5:"color";s:7:"#F7FAFC";}i:8;a:3:{s:3:"_id";s:8:"palette9";s:5:"title";s:20:"Blanco o blanquecino";s:5:"color";s:7:"#ffffff";}}}]]></wp:meta_value>
		</wp:postmeta>
							</item>
					<item>
		<title><![CDATA[Simple Technology LinkedIn Banner]]></title>
		<link>http://localhost/wordpress/2022/01/14/hola-mundo/simple-technology-linkedin-banner/</link>
		<pubDate>Fri, 14 Jan 2022 12:25:16 +0000</pubDate>
		<dc:creator><![CDATA[sergioc]]></dc:creator>
		<guid isPermaLink="false">http://localhost/wordpress/wp-content/uploads/2022/01/Simple-Technology-LinkedIn-Banner.png</guid>
		<description></description>
		<content:encoded><![CDATA[]]></content:encoded>
		<excerpt:encoded><![CDATA[]]></excerpt:encoded>
		<wp:post_id>11</wp:post_id>
		<wp:post_date><![CDATA[2022-01-14 12:25:16]]></wp:post_date>
		<wp:post_date_gmt><![CDATA[2022-01-14 12:25:16]]></wp:post_date_gmt>
		<wp:post_modified><![CDATA[2022-01-14 12:25:16]]></wp:post_modified>
		<wp:post_modified_gmt><![CDATA[2022-01-14 12:25:16]]></wp:post_modified_gmt>
		<wp:comment_status><![CDATA[open]]></wp:comment_status>
		<wp:ping_status><![CDATA[closed]]></wp:ping_status>
		<wp:post_name><![CDATA[simple-technology-linkedin-banner]]></wp:post_name>
		<wp:status><![CDATA[inherit]]></wp:status>
		<wp:post_parent>1</wp:post_parent>
		<wp:menu_order>0</wp:menu_order>
		<wp:post_type><![CDATA[attachment]]></wp:post_type>
		<wp:post_password><![CDATA[]]></wp:post_password>
		<wp:is_sticky>0</wp:is_sticky>
						<wp:attachment_url><![CDATA[http://localhost/wordpress/wp-content/uploads/2022/01/Simple-Technology-LinkedIn-Banner.png]]></wp:attachment_url>
											<wp:postmeta>
		<wp:meta_key><![CDATA[_wp_attached_file]]></wp:meta_key>
		<wp:meta_value><![CDATA[2022/01/Simple-Technology-LinkedIn-Banner.png]]></wp:meta_value>
		</wp:postmeta>
							<wp:postmeta>
		<wp:meta_key><![CDATA[_wp_attachment_metadata]]></wp:meta_key>
		<wp:meta_value><![CDATA[a:5:{s:5:"width";i:1584;s:6:"height";i:396;s:4:"file";s:45:"2022/01/Simple-Technology-LinkedIn-Banner.png";s:5:"sizes";a:0:{}s:10:"image_meta";a:12:{s:8:"aperture";s:1:"0";s:6:"credit";s:0:"";s:6:"camera";s:0:"";s:7:"caption";s:0:"";s:17:"created_timestamp";s:1:"0";s:9:"copyright";s:0:"";s:12:"focal_length";s:1:"0";s:3:"iso";s:1:"0";s:13:"shutter_speed";s:1:"0";s:5:"title";s:0:"";s:11:"orientation";s:1:"0";s:8:"keywords";a:0:{}}}]]></wp:meta_value>
		</wp:postmeta>
							</item>
					<item>
		<title><![CDATA[8b19d278350c5d37ee192a589b8f099a]]></title>
		<link>http://localhost/wordpress/8b19d278350c5d37ee192a589b8f099a/</link>
		<pubDate>Fri, 14 Jan 2022 12:51:13 +0000</pubDate>
		<dc:creator><![CDATA[sergioc]]></dc:creator>
		<guid isPermaLink="false">http://localhost/wordpress/wp-content/uploads/2022/01/8b19d278350c5d37ee192a589b8f099a.jpg</guid>
		<description></description>
		<content:encoded><![CDATA[]]></content:encoded>
		<excerpt:encoded><![CDATA[]]></excerpt:encoded>
		<wp:post_id>16</wp:post_id>
		<wp:post_date><![CDATA[2022-01-14 12:51:13]]></wp:post_date>
		<wp:post_date_gmt><![CDATA[2022-01-14 12:51:13]]></wp:post_date_gmt>
		<wp:post_modified><![CDATA[2022-01-14 12:51:13]]></wp:post_modified>
		<wp:post_modified_gmt><![CDATA[2022-01-14 12:51:13]]></wp:post_modified_gmt>
		<wp:comment_status><![CDATA[open]]></wp:comment_status>
		<wp:ping_status><![CDATA[closed]]></wp:ping_status>
		<wp:post_name><![CDATA[8b19d278350c5d37ee192a589b8f099a]]></wp:post_name>
		<wp:status><![CDATA[inherit]]></wp:status>
		<wp:post_parent>0</wp:post_parent>
		<wp:menu_order>0</wp:menu_order>
		<wp:post_type><![CDATA[attachment]]></wp:post_type>
		<wp:post_password><![CDATA[]]></wp:post_password>
		<wp:is_sticky>0</wp:is_sticky>
						<wp:attachment_url><![CDATA[http://localhost/wordpress/wp-content/uploads/2022/01/8b19d278350c5d37ee192a589b8f099a.jpg]]></wp:attachment_url>
											<wp:postmeta>
		<wp:meta_key><![CDATA[_wp_attached_file]]></wp:meta_key>
		<wp:meta_value><![CDATA[2022/01/8b19d278350c5d37ee192a589b8f099a.jpg]]></wp:meta_value>
		</wp:postmeta>
							<wp:postmeta>
		<wp:meta_key><![CDATA[_wp_attachment_metadata]]></wp:meta_key>
		<wp:meta_value><![CDATA[a:5:{s:5:"width";i:1280;s:6:"height";i:1024;s:4:"file";s:44:"2022/01/8b19d278350c5d37ee192a589b8f099a.jpg";s:5:"sizes";a:0:{}s:10:"image_meta";a:12:{s:8:"aperture";s:1:"0";s:6:"credit";s:0:"";s:6:"camera";s:0:"";s:7:"caption";s:0:"";s:17:"created_timestamp";s:1:"0";s:9:"copyright";s:0:"";s:12:"focal_length";s:1:"0";s:3:"iso";s:1:"0";s:13:"shutter_speed";s:1:"0";s:5:"title";s:0:"";s:11:"orientation";s:1:"0";s:8:"keywords";a:0:{}}}]]></wp:meta_value>
		</wp:postmeta>
							</item>
					<item>
		<title><![CDATA[pngwing.com]]></title>
		<link>http://localhost/wordpress/pngwing-com/</link>
		<pubDate>Fri, 14 Jan 2022 13:30:28 +0000</pubDate>
		<dc:creator><![CDATA[sergioc]]></dc:creator>
		<guid isPermaLink="false">http://localhost/wordpress/wp-content/uploads/2022/01/pngwing.com_.png</guid>
		<description></description>
		<content:encoded><![CDATA[]]></content:encoded>
		<excerpt:encoded><![CDATA[]]></excerpt:encoded>
		<wp:post_id>19</wp:post_id>
		<wp:post_date><![CDATA[2022-01-14 13:30:28]]></wp:post_date>
		<wp:post_date_gmt><![CDATA[2022-01-14 13:30:28]]></wp:post_date_gmt>
		<wp:post_modified><![CDATA[2022-01-14 13:30:28]]></wp:post_modified>
		<wp:post_modified_gmt><![CDATA[2022-01-14 13:30:28]]></wp:post_modified_gmt>
		<wp:comment_status><![CDATA[open]]></wp:comment_status>
		<wp:ping_status><![CDATA[closed]]></wp:ping_status>
		<wp:post_name><![CDATA[pngwing-com]]></wp:post_name>
		<wp:status><![CDATA[inherit]]></wp:status>
		<wp:post_parent>0</wp:post_parent>
		<wp:menu_order>0</wp:menu_order>
		<wp:post_type><![CDATA[attachment]]></wp:post_type>
		<wp:post_password><![CDATA[]]></wp:post_password>
		<wp:is_sticky>0</wp:is_sticky>
						<wp:attachment_url><![CDATA[http://localhost/wordpress/wp-content/uploads/2022/01/pngwing.com_.png]]></wp:attachment_url>
											<wp:postmeta>
		<wp:meta_key><![CDATA[_wp_attached_file]]></wp:meta_key>
		<wp:meta_value><![CDATA[2022/01/pngwing.com_.png]]></wp:meta_value>
		</wp:postmeta>
							<wp:postmeta>
		<wp:meta_key><![CDATA[_wp_attachment_metadata]]></wp:meta_key>
		<wp:meta_value><![CDATA[a:5:{s:5:"width";i:512;s:6:"height";i:512;s:4:"file";s:24:"2022/01/pngwing.com_.png";s:5:"sizes";a:0:{}s:10:"image_meta";a:12:{s:8:"aperture";s:1:"0";s:6:"credit";s:0:"";s:6:"camera";s:0:"";s:7:"caption";s:0:"";s:17:"created_timestamp";s:1:"0";s:9:"copyright";s:0:"";s:12:"focal_length";s:1:"0";s:3:"iso";s:1:"0";s:13:"shutter_speed";s:1:"0";s:5:"title";s:0:"";s:11:"orientation";s:1:"0";s:8:"keywords";a:0:{}}}]]></wp:meta_value>
		</wp:postmeta>
							</item>
					<item>
		<title><![CDATA[Mi grado superior y sus características]]></title>
		<link>http://localhost/wordpress/2022/01/18/mi-grado-superior-y-sus-caracteristicas/</link>
		<pubDate>Tue, 18 Jan 2022 08:44:56 +0000</pubDate>
		<dc:creator><![CDATA[sergioc]]></dc:creator>
		<guid isPermaLink="false">http://localhost/wordpress/?p=24</guid>
		<description></description>
		<content:encoded><![CDATA[Mi grado superior es Desarrollo de aplicaciones multiplataforma. En el tengo asignaturas como programación, bases de datos, acceso a datos, programación de servicios y procesos, desarrollo de interfaces, entre otras. Durante el curso aprendemos a programar en diferentes lenguajes como PHP, Java, Python, etc. Aprendemos la conexión entre bases de datos y aplicaciones o paginas webs, es decir, backend. Aprendemos lo basica de lenguaje de marcado ya que se ve mas profundamente en el grado superior de DAW.

&nbsp;

Este es el <a href="https://www.boe.es/boe/dias/2010/05/20/pdfs/BOE-A-2010-8067.pdf">enlace</a> al BOE del grado superior.]]></content:encoded>
		<excerpt:encoded><![CDATA[]]></excerpt:encoded>
		<wp:post_id>24</wp:post_id>
		<wp:post_date><![CDATA[2022-01-18 08:44:56]]></wp:post_date>
		<wp:post_date_gmt><![CDATA[2022-01-18 08:44:56]]></wp:post_date_gmt>
		<wp:post_modified><![CDATA[2022-01-18 08:44:56]]></wp:post_modified>
		<wp:post_modified_gmt><![CDATA[2022-01-18 08:44:56]]></wp:post_modified_gmt>
		<wp:comment_status><![CDATA[open]]></wp:comment_status>
		<wp:ping_status><![CDATA[open]]></wp:ping_status>
		<wp:post_name><![CDATA[mi-grado-superior-y-sus-caracteristicas]]></wp:post_name>
		<wp:status><![CDATA[publish]]></wp:status>
		<wp:post_parent>0</wp:post_parent>
		<wp:menu_order>0</wp:menu_order>
		<wp:post_type><![CDATA[post]]></wp:post_type>
		<wp:post_password><![CDATA[]]></wp:post_password>
		<wp:is_sticky>0</wp:is_sticky>
										<category domain="category" nicename="grado-superior"><![CDATA[Grado Superior]]></category>
						<wp:postmeta>
		<wp:meta_key><![CDATA[_edit_last]]></wp:meta_key>
		<wp:meta_value><![CDATA[1]]></wp:meta_value>
		</wp:postmeta>
							<wp:postmeta>
		<wp:meta_key><![CDATA[_wp_page_template]]></wp:meta_key>
		<wp:meta_value><![CDATA[default]]></wp:meta_value>
		</wp:postmeta>
							<wp:postmeta>
		<wp:meta_key><![CDATA[_kad_post_transparent]]></wp:meta_key>
		<wp:meta_value><![CDATA[default]]></wp:meta_value>
		</wp:postmeta>
							<wp:postmeta>
		<wp:meta_key><![CDATA[_kad_post_title]]></wp:meta_key>
		<wp:meta_value><![CDATA[default]]></wp:meta_value>
		</wp:postmeta>
							<wp:postmeta>
		<wp:meta_key><![CDATA[_kad_post_layout]]></wp:meta_key>
		<wp:meta_value><![CDATA[default]]></wp:meta_value>
		</wp:postmeta>
							<wp:postmeta>
		<wp:meta_key><![CDATA[_kad_post_content_style]]></wp:meta_key>
		<wp:meta_value><![CDATA[default]]></wp:meta_value>
		</wp:postmeta>
							<wp:postmeta>
		<wp:meta_key><![CDATA[_kad_post_vertical_padding]]></wp:meta_key>
		<wp:meta_value><![CDATA[default]]></wp:meta_value>
		</wp:postmeta>
							<wp:postmeta>
		<wp:meta_key><![CDATA[_edit_last]]></wp:meta_key>
		<wp:meta_value><![CDATA[1]]></wp:meta_value>
		</wp:postmeta>
							<wp:postmeta>
		<wp:meta_key><![CDATA[_wp_page_template]]></wp:meta_key>
		<wp:meta_value><![CDATA[default]]></wp:meta_value>
		</wp:postmeta>
							<wp:postmeta>
		<wp:meta_key><![CDATA[_kad_post_transparent]]></wp:meta_key>
		<wp:meta_value><![CDATA[default]]></wp:meta_value>
		</wp:postmeta>
							<wp:postmeta>
		<wp:meta_key><![CDATA[_kad_post_title]]></wp:meta_key>
		<wp:meta_value><![CDATA[default]]></wp:meta_value>
		</wp:postmeta>
							<wp:postmeta>
		<wp:meta_key><![CDATA[_kad_post_layout]]></wp:meta_key>
		<wp:meta_value><![CDATA[default]]></wp:meta_value>
		</wp:postmeta>
							<wp:postmeta>
		<wp:meta_key><![CDATA[_kad_post_content_style]]></wp:meta_key>
		<wp:meta_value><![CDATA[default]]></wp:meta_value>
		</wp:postmeta>
							<wp:postmeta>
		<wp:meta_key><![CDATA[_kad_post_vertical_padding]]></wp:meta_key>
		<wp:meta_value><![CDATA[default]]></wp:meta_value>
		</wp:postmeta>
							</item>
					<item>
		<title><![CDATA[FORMULARIO DE RESGISTRO]]></title>
		<link>http://localhost/wordpress/?post_type=wpcf7_contact_form&#038;p=27</link>
		<pubDate>Tue, 18 Jan 2022 08:52:16 +0000</pubDate>
		<dc:creator><![CDATA[sergioc]]></dc:creator>
		<guid isPermaLink="false">http://localhost/wordpress/?post_type=wpcf7_contact_form&#038;p=27</guid>
		<description></description>
		<content:encoded><![CDATA[<label> Tu nombre*
    [text* your-name] </label>

<label> Apellidos*
    [text* your-surname] </label>

<label> Tu correo electrónico*
    [email* your-email] </label>

<label> Tu teléfono*
    [tel* telefono "+34"] </label>

[submit "Enviar"]
1
[_site_title] «[your-subject]»
[_site_title] <sergio.camino@campusfp.es>
[_site_admin_email]
De: [your-name] <[your-email]>
Asunto: [your-subject]

Cuerpo del mensaje:
[your-message]

-- 
Gracias por registrarte en mi página web. Ahora estarás al día de nuestras noticias. [_site_title] ([_site_url])
Reply-To: [your-email]




[_site_title] «[your-subject]»
[_site_title] <sergio.camino@campusfp.es>
[your-email]
Cuerpo del mensaje:
[your-message]

-- 
Este mensaje se ha enviado desde un formulario de contacto en [_site_title] ([_site_url])
Reply-To: [_site_admin_email]



Gracias por tu mensaje. Ha sido enviado.
Ha ocurrido un error al intentar enviar tu mensaje. Por favor, inténtalo de nuevo.
Uno o más campos tienen un error. Por favor, revísalos e inténtalo de nuevo.
Tu mensaje es considerado Spam, inténtelo de nuevo.
Debes aceptar los términos y condiciones antes de enviar tu mensaje.
El campo es obligatorio.
El campo es demasiado largo.
El campo es demasiado corto.
Ha ocurrido un error desconocido al subir el archivo.
No tienes permisos para subir archivos de este tipo.
El archivo es demasiado grande.
Ha ocurrido un error al subir el archivo.
El formato de fecha es incorrecto.
La fecha es anterior a la más temprana permitida.
La fecha es posterior a la más tardía permitida.
El formato de número no es válido.
El número es menor que el mínimo permitido.
El número es mayor que el máximo permitido.
La respuesta al cuestionario no es correcta.
La dirección de correo electrónico que has introducido no es válida.
La URL no es válida.
El número de teléfono no es válido.]]></content:encoded>
		<excerpt:encoded><![CDATA[]]></excerpt:encoded>
		<wp:post_id>27</wp:post_id>
		<wp:post_date><![CDATA[2022-01-18 08:52:16]]></wp:post_date>
		<wp:post_date_gmt><![CDATA[2022-01-18 08:52:16]]></wp:post_date_gmt>
		<wp:post_modified><![CDATA[2022-01-18 09:14:24]]></wp:post_modified>
		<wp:post_modified_gmt><![CDATA[2022-01-18 09:14:24]]></wp:post_modified_gmt>
		<wp:comment_status><![CDATA[closed]]></wp:comment_status>
		<wp:ping_status><![CDATA[closed]]></wp:ping_status>
		<wp:post_name><![CDATA[formulario-de-contacto-1]]></wp:post_name>
		<wp:status><![CDATA[publish]]></wp:status>
		<wp:post_parent>0</wp:post_parent>
		<wp:menu_order>0</wp:menu_order>
		<wp:post_type><![CDATA[wpcf7_contact_form]]></wp:post_type>
		<wp:post_password><![CDATA[]]></wp:post_password>
		<wp:is_sticky>0</wp:is_sticky>
														<wp:postmeta>
		<wp:meta_key><![CDATA[_form]]></wp:meta_key>
		<wp:meta_value><![CDATA[<label> Tu nombre*
    [text* your-name] </label>

<label> Apellidos*
    [text* your-surname] </label>

<label> Tu correo electrónico*
    [email* your-email] </label>

<label> Tu teléfono*
    [tel* telefono "+34"] </label>

[submit "Enviar"]]]></wp:meta_value>
		</wp:postmeta>
							<wp:postmeta>
		<wp:meta_key><![CDATA[_mail]]></wp:meta_key>
		<wp:meta_value><![CDATA[a:9:{s:6:"active";b:1;s:7:"subject";s:32:"[_site_title] «[your-subject]»";s:6:"sender";s:41:"[_site_title] <sergio.camino@campusfp.es>";s:9:"recipient";s:19:"[_site_admin_email]";s:4:"body";s:210:"De: [your-name] <[your-email]>
Asunto: [your-subject]

Cuerpo del mensaje:
[your-message]

-- 
Gracias por registrarte en mi página web. Ahora estarás al día de nuestras noticias. [_site_title] ([_site_url])";s:18:"additional_headers";s:22:"Reply-To: [your-email]";s:11:"attachments";s:0:"";s:8:"use_html";b:0;s:13:"exclude_blank";b:0;}]]></wp:meta_value>
		</wp:postmeta>
							<wp:postmeta>
		<wp:meta_key><![CDATA[_mail_2]]></wp:meta_key>
		<wp:meta_value><![CDATA[a:9:{s:6:"active";b:0;s:7:"subject";s:32:"[_site_title] «[your-subject]»";s:6:"sender";s:41:"[_site_title] <sergio.camino@campusfp.es>";s:9:"recipient";s:12:"[your-email]";s:4:"body";s:129:"Cuerpo del mensaje:
[your-message]

-- 
Este mensaje se ha enviado desde un formulario de contacto en [_site_title] ([_site_url])";s:18:"additional_headers";s:29:"Reply-To: [_site_admin_email]";s:11:"attachments";s:0:"";s:8:"use_html";b:0;s:13:"exclude_blank";b:0;}]]></wp:meta_value>
		</wp:postmeta>
							<wp:postmeta>
		<wp:meta_key><![CDATA[_messages]]></wp:meta_key>
		<wp:meta_value><![CDATA[a:22:{s:12:"mail_sent_ok";s:40:"Gracias por tu mensaje. Ha sido enviado.";s:12:"mail_sent_ng";s:83:"Ha ocurrido un error al intentar enviar tu mensaje. Por favor, inténtalo de nuevo.";s:16:"validation_error";s:79:"Uno o más campos tienen un error. Por favor, revísalos e inténtalo de nuevo.";s:4:"spam";s:52:"Tu mensaje es considerado Spam, inténtelo de nuevo.";s:12:"accept_terms";s:69:"Debes aceptar los términos y condiciones antes de enviar tu mensaje.";s:16:"invalid_required";s:24:"El campo es obligatorio.";s:16:"invalid_too_long";s:28:"El campo es demasiado largo.";s:17:"invalid_too_short";s:28:"El campo es demasiado corto.";s:13:"upload_failed";s:53:"Ha ocurrido un error desconocido al subir el archivo.";s:24:"upload_file_type_invalid";s:52:"No tienes permisos para subir archivos de este tipo.";s:21:"upload_file_too_large";s:31:"El archivo es demasiado grande.";s:23:"upload_failed_php_error";s:41:"Ha ocurrido un error al subir el archivo.";s:12:"invalid_date";s:34:"El formato de fecha es incorrecto.";s:14:"date_too_early";s:50:"La fecha es anterior a la más temprana permitida.";s:13:"date_too_late";s:50:"La fecha es posterior a la más tardía permitida.";s:14:"invalid_number";s:36:"El formato de número no es válido.";s:16:"number_too_small";s:45:"El número es menor que el mínimo permitido.";s:16:"number_too_large";s:45:"El número es mayor que el máximo permitido.";s:23:"quiz_answer_not_correct";s:44:"La respuesta al cuestionario no es correcta.";s:13:"invalid_email";s:71:"La dirección de correo electrónico que has introducido no es válida.";s:11:"invalid_url";s:21:"La URL no es válida.";s:11:"invalid_tel";s:38:"El número de teléfono no es válido.";}]]></wp:meta_value>
		</wp:postmeta>
							<wp:postmeta>
		<wp:meta_key><![CDATA[_additional_settings]]></wp:meta_key>
		<wp:meta_value><![CDATA[]]></wp:meta_value>
		</wp:postmeta>
							<wp:postmeta>
		<wp:meta_key><![CDATA[_locale]]></wp:meta_key>
		<wp:meta_value><![CDATA[es_ES]]></wp:meta_value>
		</wp:postmeta>
							<wp:postmeta>
		<wp:meta_key><![CDATA[_form]]></wp:meta_key>
		<wp:meta_value><![CDATA[<label> Tu nombre*
    [text* your-name] </label>

<label> Apellidos*
    [text* your-surname] </label>

<label> Tu correo electrónico*
    [email* your-email] </label>

<label> Tu teléfono*
    [tel* telefono "+34"] </label>

[submit "Enviar"]]]></wp:meta_value>
		</wp:postmeta>
							<wp:postmeta>
		<wp:meta_key><![CDATA[_mail]]></wp:meta_key>
		<wp:meta_value><![CDATA[a:9:{s:6:"active";b:1;s:7:"subject";s:32:"[_site_title] «[your-subject]»";s:6:"sender";s:41:"[_site_title] <sergio.camino@campusfp.es>";s:9:"recipient";s:19:"[_site_admin_email]";s:4:"body";s:210:"De: [your-name] <[your-email]>
Asunto: [your-subject]

Cuerpo del mensaje:
[your-message]

-- 
Gracias por registrarte en mi página web. Ahora estarás al día de nuestras noticias. [_site_title] ([_site_url])";s:18:"additional_headers";s:22:"Reply-To: [your-email]";s:11:"attachments";s:0:"";s:8:"use_html";b:0;s:13:"exclude_blank";b:0;}]]></wp:meta_value>
		</wp:postmeta>
							<wp:postmeta>
		<wp:meta_key><![CDATA[_mail_2]]></wp:meta_key>
		<wp:meta_value><![CDATA[a:9:{s:6:"active";b:0;s:7:"subject";s:32:"[_site_title] «[your-subject]»";s:6:"sender";s:41:"[_site_title] <sergio.camino@campusfp.es>";s:9:"recipient";s:12:"[your-email]";s:4:"body";s:129:"Cuerpo del mensaje:
[your-message]

-- 
Este mensaje se ha enviado desde un formulario de contacto en [_site_title] ([_site_url])";s:18:"additional_headers";s:29:"Reply-To: [_site_admin_email]";s:11:"attachments";s:0:"";s:8:"use_html";b:0;s:13:"exclude_blank";b:0;}]]></wp:meta_value>
		</wp:postmeta>
							<wp:postmeta>
		<wp:meta_key><![CDATA[_messages]]></wp:meta_key>
		<wp:meta_value><![CDATA[a:22:{s:12:"mail_sent_ok";s:40:"Gracias por tu mensaje. Ha sido enviado.";s:12:"mail_sent_ng";s:83:"Ha ocurrido un error al intentar enviar tu mensaje. Por favor, inténtalo de nuevo.";s:16:"validation_error";s:79:"Uno o más campos tienen un error. Por favor, revísalos e inténtalo de nuevo.";s:4:"spam";s:52:"Tu mensaje es considerado Spam, inténtelo de nuevo.";s:12:"accept_terms";s:69:"Debes aceptar los términos y condiciones antes de enviar tu mensaje.";s:16:"invalid_required";s:24:"El campo es obligatorio.";s:16:"invalid_too_long";s:28:"El campo es demasiado largo.";s:17:"invalid_too_short";s:28:"El campo es demasiado corto.";s:13:"upload_failed";s:53:"Ha ocurrido un error desconocido al subir el archivo.";s:24:"upload_file_type_invalid";s:52:"No tienes permisos para subir archivos de este tipo.";s:21:"upload_file_too_large";s:31:"El archivo es demasiado grande.";s:23:"upload_failed_php_error";s:41:"Ha ocurrido un error al subir el archivo.";s:12:"invalid_date";s:34:"El formato de fecha es incorrecto.";s:14:"date_too_early";s:50:"La fecha es anterior a la más temprana permitida.";s:13:"date_too_late";s:50:"La fecha es posterior a la más tardía permitida.";s:14:"invalid_number";s:36:"El formato de número no es válido.";s:16:"number_too_small";s:45:"El número es menor que el mínimo permitido.";s:16:"number_too_large";s:45:"El número es mayor que el máximo permitido.";s:23:"quiz_answer_not_correct";s:44:"La respuesta al cuestionario no es correcta.";s:13:"invalid_email";s:71:"La dirección de correo electrónico que has introducido no es válida.";s:11:"invalid_url";s:21:"La URL no es válida.";s:11:"invalid_tel";s:38:"El número de teléfono no es válido.";}]]></wp:meta_value>
		</wp:postmeta>
							<wp:postmeta>
		<wp:meta_key><![CDATA[_additional_settings]]></wp:meta_key>
		<wp:meta_value><![CDATA[]]></wp:meta_value>
		</wp:postmeta>
							<wp:postmeta>
		<wp:meta_key><![CDATA[_locale]]></wp:meta_key>
		<wp:meta_value><![CDATA[es_ES]]></wp:meta_value>
		</wp:postmeta>
							</item>
					<item>
		<title><![CDATA[FORMULARIO DE REGISTRO]]></title>
		<link>http://localhost/wordpress/2022/01/18/formulario-de-registro/</link>
		<pubDate>Tue, 18 Jan 2022 09:13:51 +0000</pubDate>
		<dc:creator><![CDATA[sergioc]]></dc:creator>
		<guid isPermaLink="false">http://localhost/wordpress/?p=30</guid>
		<description></description>
		<content:encoded><![CDATA[Aquí podéis registraros para estar al día de las actualizaciones de la pagina web.

&nbsp;

[contact-form-7 id="27" title="FORMULARIO DE RESGISTRO"]]]></content:encoded>
		<excerpt:encoded><![CDATA[]]></excerpt:encoded>
		<wp:post_id>30</wp:post_id>
		<wp:post_date><![CDATA[2022-01-18 09:13:51]]></wp:post_date>
		<wp:post_date_gmt><![CDATA[2022-01-18 09:13:51]]></wp:post_date_gmt>
		<wp:post_modified><![CDATA[2022-01-18 09:13:51]]></wp:post_modified>
		<wp:post_modified_gmt><![CDATA[2022-01-18 09:13:51]]></wp:post_modified_gmt>
		<wp:comment_status><![CDATA[open]]></wp:comment_status>
		<wp:ping_status><![CDATA[open]]></wp:ping_status>
		<wp:post_name><![CDATA[formulario-de-registro]]></wp:post_name>
		<wp:status><![CDATA[publish]]></wp:status>
		<wp:post_parent>0</wp:post_parent>
		<wp:menu_order>0</wp:menu_order>
		<wp:post_type><![CDATA[post]]></wp:post_type>
		<wp:post_password><![CDATA[]]></wp:post_password>
		<wp:is_sticky>0</wp:is_sticky>
										<category domain="category" nicename="registrarse"><![CDATA[Registrarse]]></category>
						<wp:postmeta>
		<wp:meta_key><![CDATA[_edit_last]]></wp:meta_key>
		<wp:meta_value><![CDATA[1]]></wp:meta_value>
		</wp:postmeta>
							<wp:postmeta>
		<wp:meta_key><![CDATA[_wp_page_template]]></wp:meta_key>
		<wp:meta_value><![CDATA[default]]></wp:meta_value>
		</wp:postmeta>
							<wp:postmeta>
		<wp:meta_key><![CDATA[_kad_post_transparent]]></wp:meta_key>
		<wp:meta_value><![CDATA[default]]></wp:meta_value>
		</wp:postmeta>
							<wp:postmeta>
		<wp:meta_key><![CDATA[_kad_post_title]]></wp:meta_key>
		<wp:meta_value><![CDATA[default]]></wp:meta_value>
		</wp:postmeta>
							<wp:postmeta>
		<wp:meta_key><![CDATA[_kad_post_layout]]></wp:meta_key>
		<wp:meta_value><![CDATA[default]]></wp:meta_value>
		</wp:postmeta>
							<wp:postmeta>
		<wp:meta_key><![CDATA[_kad_post_content_style]]></wp:meta_key>
		<wp:meta_value><![CDATA[default]]></wp:meta_value>
		</wp:postmeta>
							<wp:postmeta>
		<wp:meta_key><![CDATA[_kad_post_vertical_padding]]></wp:meta_key>
		<wp:meta_value><![CDATA[default]]></wp:meta_value>
		</wp:postmeta>
							<wp:postmeta>
		<wp:meta_key><![CDATA[_edit_last]]></wp:meta_key>
		<wp:meta_value><![CDATA[1]]></wp:meta_value>
		</wp:postmeta>
							<wp:postmeta>
		<wp:meta_key><![CDATA[_wp_page_template]]></wp:meta_key>
		<wp:meta_value><![CDATA[default]]></wp:meta_value>
		</wp:postmeta>
							<wp:postmeta>
		<wp:meta_key><![CDATA[_kad_post_transparent]]></wp:meta_key>
		<wp:meta_value><![CDATA[default]]></wp:meta_value>
		</wp:postmeta>
							<wp:postmeta>
		<wp:meta_key><![CDATA[_kad_post_title]]></wp:meta_key>
		<wp:meta_value><![CDATA[default]]></wp:meta_value>
		</wp:postmeta>
							<wp:postmeta>
		<wp:meta_key><![CDATA[_kad_post_layout]]></wp:meta_key>
		<wp:meta_value><![CDATA[default]]></wp:meta_value>
		</wp:postmeta>
							<wp:postmeta>
		<wp:meta_key><![CDATA[_kad_post_content_style]]></wp:meta_key>
		<wp:meta_value><![CDATA[default]]></wp:meta_value>
		</wp:postmeta>
							<wp:postmeta>
		<wp:meta_key><![CDATA[_kad_post_vertical_padding]]></wp:meta_key>
		<wp:meta_value><![CDATA[default]]></wp:meta_value>
		</wp:postmeta>
							</item>
					<item>
		<title><![CDATA[]]></title>
		<link>http://localhost/wordpress/2022/01/19/38/</link>
		<pubDate>Wed, 19 Jan 2022 09:57:01 +0000</pubDate>
		<dc:creator><![CDATA[sergioc]]></dc:creator>
		<guid isPermaLink="false">http://localhost/wordpress/?p=38</guid>
		<description></description>
		<content:encoded><![CDATA[ ]]></content:encoded>
		<excerpt:encoded><![CDATA[]]></excerpt:encoded>
		<wp:post_id>38</wp:post_id>
		<wp:post_date><![CDATA[2022-01-19 09:57:01]]></wp:post_date>
		<wp:post_date_gmt><![CDATA[2022-01-19 09:57:01]]></wp:post_date_gmt>
		<wp:post_modified><![CDATA[2022-01-19 09:57:01]]></wp:post_modified>
		<wp:post_modified_gmt><![CDATA[2022-01-19 09:57:01]]></wp:post_modified_gmt>
		<wp:comment_status><![CDATA[closed]]></wp:comment_status>
		<wp:ping_status><![CDATA[closed]]></wp:ping_status>
		<wp:post_name><![CDATA[38]]></wp:post_name>
		<wp:status><![CDATA[publish]]></wp:status>
		<wp:post_parent>0</wp:post_parent>
		<wp:menu_order>6</wp:menu_order>
		<wp:post_type><![CDATA[nav_menu_item]]></wp:post_type>
		<wp:post_password><![CDATA[]]></wp:post_password>
		<wp:is_sticky>0</wp:is_sticky>
										<category domain="nav_menu" nicename="menu"><![CDATA[MENÚ]]></category>
						<wp:postmeta>
		<wp:meta_key><![CDATA[_menu_item_type]]></wp:meta_key>
		<wp:meta_value><![CDATA[post_type]]></wp:meta_value>
		</wp:postmeta>
							<wp:postmeta>
		<wp:meta_key><![CDATA[_menu_item_menu_item_parent]]></wp:meta_key>
		<wp:meta_value><![CDATA[0]]></wp:meta_value>
		</wp:postmeta>
							<wp:postmeta>
		<wp:meta_key><![CDATA[_menu_item_object_id]]></wp:meta_key>
		<wp:meta_value><![CDATA[3]]></wp:meta_value>
		</wp:postmeta>
							<wp:postmeta>
		<wp:meta_key><![CDATA[_menu_item_object]]></wp:meta_key>
		<wp:meta_value><![CDATA[page]]></wp:meta_value>
		</wp:postmeta>
							<wp:postmeta>
		<wp:meta_key><![CDATA[_menu_item_target]]></wp:meta_key>
		<wp:meta_value><![CDATA[]]></wp:meta_value>
		</wp:postmeta>
							<wp:postmeta>
		<wp:meta_key><![CDATA[_menu_item_classes]]></wp:meta_key>
		<wp:meta_value><![CDATA[a:1:{i:0;s:0:"";}]]></wp:meta_value>
		</wp:postmeta>
							<wp:postmeta>
		<wp:meta_key><![CDATA[_menu_item_xfn]]></wp:meta_key>
		<wp:meta_value><![CDATA[]]></wp:meta_value>
		</wp:postmeta>
							<wp:postmeta>
		<wp:meta_key><![CDATA[_menu_item_url]]></wp:meta_key>
		<wp:meta_value><![CDATA[]]></wp:meta_value>
		</wp:postmeta>
							</item>
					<item>
		<title><![CDATA[githubLogop]]></title>
		<link>http://localhost/wordpress/githublogop/</link>
		<pubDate>Wed, 19 Jan 2022 10:00:02 +0000</pubDate>
		<dc:creator><![CDATA[sergioc]]></dc:creator>
		<guid isPermaLink="false">http://localhost/wordpress/wp-content/uploads/2022/01/githubLogop.png</guid>
		<description></description>
		<content:encoded><![CDATA[]]></content:encoded>
		<excerpt:encoded><![CDATA[]]></excerpt:encoded>
		<wp:post_id>41</wp:post_id>
		<wp:post_date><![CDATA[2022-01-19 10:00:02]]></wp:post_date>
		<wp:post_date_gmt><![CDATA[2022-01-19 10:00:02]]></wp:post_date_gmt>
		<wp:post_modified><![CDATA[2022-01-19 10:00:02]]></wp:post_modified>
		<wp:post_modified_gmt><![CDATA[2022-01-19 10:00:02]]></wp:post_modified_gmt>
		<wp:comment_status><![CDATA[open]]></wp:comment_status>
		<wp:ping_status><![CDATA[closed]]></wp:ping_status>
		<wp:post_name><![CDATA[githublogop]]></wp:post_name>
		<wp:status><![CDATA[inherit]]></wp:status>
		<wp:post_parent>0</wp:post_parent>
		<wp:menu_order>0</wp:menu_order>
		<wp:post_type><![CDATA[attachment]]></wp:post_type>
		<wp:post_password><![CDATA[]]></wp:post_password>
		<wp:is_sticky>0</wp:is_sticky>
						<wp:attachment_url><![CDATA[http://localhost/wordpress/wp-content/uploads/2022/01/githubLogop.png]]></wp:attachment_url>
											<wp:postmeta>
		<wp:meta_key><![CDATA[_wp_attached_file]]></wp:meta_key>
		<wp:meta_value><![CDATA[2022/01/githubLogop.png]]></wp:meta_value>
		</wp:postmeta>
							<wp:postmeta>
		<wp:meta_key><![CDATA[_wp_attachment_metadata]]></wp:meta_key>
		<wp:meta_value><![CDATA[a:5:{s:5:"width";i:512;s:6:"height";i:512;s:4:"file";s:23:"2022/01/githubLogop.png";s:5:"sizes";a:0:{}s:10:"image_meta";a:12:{s:8:"aperture";s:1:"0";s:6:"credit";s:0:"";s:6:"camera";s:0:"";s:7:"caption";s:0:"";s:17:"created_timestamp";s:1:"0";s:9:"copyright";s:0:"";s:12:"focal_length";s:1:"0";s:3:"iso";s:1:"0";s:13:"shutter_speed";s:1:"0";s:5:"title";s:0:"";s:11:"orientation";s:1:"0";s:8:"keywords";a:0:{}}}]]></wp:meta_value>
		</wp:postmeta>
							</item>
					<item>
		<title><![CDATA[linkedinLogo]]></title>
		<link>http://localhost/wordpress/linkedinlogo/</link>
		<pubDate>Wed, 19 Jan 2022 10:00:03 +0000</pubDate>
		<dc:creator><![CDATA[sergioc]]></dc:creator>
		<guid isPermaLink="false">http://localhost/wordpress/wp-content/uploads/2022/01/linkedinLogo.png</guid>
		<description></description>
		<content:encoded><![CDATA[]]></content:encoded>
		<excerpt:encoded><![CDATA[]]></excerpt:encoded>
		<wp:post_id>42</wp:post_id>
		<wp:post_date><![CDATA[2022-01-19 10:00:03]]></wp:post_date>
		<wp:post_date_gmt><![CDATA[2022-01-19 10:00:03]]></wp:post_date_gmt>
		<wp:post_modified><![CDATA[2022-01-19 10:00:03]]></wp:post_modified>
		<wp:post_modified_gmt><![CDATA[2022-01-19 10:00:03]]></wp:post_modified_gmt>
		<wp:comment_status><![CDATA[open]]></wp:comment_status>
		<wp:ping_status><![CDATA[closed]]></wp:ping_status>
		<wp:post_name><![CDATA[linkedinlogo]]></wp:post_name>
		<wp:status><![CDATA[inherit]]></wp:status>
		<wp:post_parent>0</wp:post_parent>
		<wp:menu_order>0</wp:menu_order>
		<wp:post_type><![CDATA[attachment]]></wp:post_type>
		<wp:post_password><![CDATA[]]></wp:post_password>
		<wp:is_sticky>0</wp:is_sticky>
						<wp:attachment_url><![CDATA[http://localhost/wordpress/wp-content/uploads/2022/01/linkedinLogo.png]]></wp:attachment_url>
											<wp:postmeta>
		<wp:meta_key><![CDATA[_wp_attached_file]]></wp:meta_key>
		<wp:meta_value><![CDATA[2022/01/linkedinLogo.png]]></wp:meta_value>
		</wp:postmeta>
							<wp:postmeta>
		<wp:meta_key><![CDATA[_wp_attachment_metadata]]></wp:meta_key>
		<wp:meta_value><![CDATA[a:5:{s:5:"width";i:512;s:6:"height";i:512;s:4:"file";s:24:"2022/01/linkedinLogo.png";s:5:"sizes";a:0:{}s:10:"image_meta";a:12:{s:8:"aperture";s:1:"0";s:6:"credit";s:0:"";s:6:"camera";s:0:"";s:7:"caption";s:0:"";s:17:"created_timestamp";s:1:"0";s:9:"copyright";s:0:"";s:12:"focal_length";s:1:"0";s:3:"iso";s:1:"0";s:13:"shutter_speed";s:1:"0";s:5:"title";s:0:"";s:11:"orientation";s:1:"0";s:8:"keywords";a:0:{}}}]]></wp:meta_value>
		</wp:postmeta>
							</item>
					<item>
		<title><![CDATA[]]></title>
		<link>http://localhost/wordpress/2022/01/19/48/</link>
		<pubDate>Wed, 19 Jan 2022 10:03:52 +0000</pubDate>
		<dc:creator><![CDATA[sergioc]]></dc:creator>
		<guid isPermaLink="false">http://localhost/wordpress/2022/01/19/48/</guid>
		<description></description>
		<content:encoded><![CDATA[ ]]></content:encoded>
		<excerpt:encoded><![CDATA[]]></excerpt:encoded>
		<wp:post_id>48</wp:post_id>
		<wp:post_date><![CDATA[2022-01-19 10:03:52]]></wp:post_date>
		<wp:post_date_gmt><![CDATA[2022-01-19 10:03:52]]></wp:post_date_gmt>
		<wp:post_modified><![CDATA[2022-01-19 10:03:52]]></wp:post_modified>
		<wp:post_modified_gmt><![CDATA[2022-01-19 10:03:52]]></wp:post_modified_gmt>
		<wp:comment_status><![CDATA[closed]]></wp:comment_status>
		<wp:ping_status><![CDATA[closed]]></wp:ping_status>
		<wp:post_name><![CDATA[48]]></wp:post_name>
		<wp:status><![CDATA[publish]]></wp:status>
		<wp:post_parent>0</wp:post_parent>
		<wp:menu_order>4</wp:menu_order>
		<wp:post_type><![CDATA[nav_menu_item]]></wp:post_type>
		<wp:post_password><![CDATA[]]></wp:post_password>
		<wp:is_sticky>0</wp:is_sticky>
										<category domain="nav_menu" nicename="menu"><![CDATA[MENÚ]]></category>
						<wp:postmeta>
		<wp:meta_key><![CDATA[_menu_item_type]]></wp:meta_key>
		<wp:meta_value><![CDATA[taxonomy]]></wp:meta_value>
		</wp:postmeta>
							<wp:postmeta>
		<wp:meta_key><![CDATA[_menu_item_menu_item_parent]]></wp:meta_key>
		<wp:meta_value><![CDATA[0]]></wp:meta_value>
		</wp:postmeta>
							<wp:postmeta>
		<wp:meta_key><![CDATA[_menu_item_object_id]]></wp:meta_key>
		<wp:meta_value><![CDATA[1]]></wp:meta_value>
		</wp:postmeta>
							<wp:postmeta>
		<wp:meta_key><![CDATA[_menu_item_object]]></wp:meta_key>
		<wp:meta_value><![CDATA[category]]></wp:meta_value>
		</wp:postmeta>
							<wp:postmeta>
		<wp:meta_key><![CDATA[_menu_item_target]]></wp:meta_key>
		<wp:meta_value><![CDATA[]]></wp:meta_value>
		</wp:postmeta>
							<wp:postmeta>
		<wp:meta_key><![CDATA[_menu_item_classes]]></wp:meta_key>
		<wp:meta_value><![CDATA[a:1:{i:0;s:0:"";}]]></wp:meta_value>
		</wp:postmeta>
							<wp:postmeta>
		<wp:meta_key><![CDATA[_menu_item_xfn]]></wp:meta_key>
		<wp:meta_value><![CDATA[]]></wp:meta_value>
		</wp:postmeta>
							<wp:postmeta>
		<wp:meta_key><![CDATA[_menu_item_url]]></wp:meta_key>
		<wp:meta_value><![CDATA[]]></wp:meta_value>
		</wp:postmeta>
							</item>
					<item>
		<title><![CDATA[]]></title>
		<link>http://localhost/wordpress/2022/01/19/49/</link>
		<pubDate>Wed, 19 Jan 2022 10:03:52 +0000</pubDate>
		<dc:creator><![CDATA[sergioc]]></dc:creator>
		<guid isPermaLink="false">http://localhost/wordpress/2022/01/19/49/</guid>
		<description></description>
		<content:encoded><![CDATA[ ]]></content:encoded>
		<excerpt:encoded><![CDATA[]]></excerpt:encoded>
		<wp:post_id>49</wp:post_id>
		<wp:post_date><![CDATA[2022-01-19 10:03:52]]></wp:post_date>
		<wp:post_date_gmt><![CDATA[2022-01-19 10:03:52]]></wp:post_date_gmt>
		<wp:post_modified><![CDATA[2022-01-19 10:03:52]]></wp:post_modified>
		<wp:post_modified_gmt><![CDATA[2022-01-19 10:03:52]]></wp:post_modified_gmt>
		<wp:comment_status><![CDATA[closed]]></wp:comment_status>
		<wp:ping_status><![CDATA[closed]]></wp:ping_status>
		<wp:post_name><![CDATA[49]]></wp:post_name>
		<wp:status><![CDATA[publish]]></wp:status>
		<wp:post_parent>0</wp:post_parent>
		<wp:menu_order>5</wp:menu_order>
		<wp:post_type><![CDATA[nav_menu_item]]></wp:post_type>
		<wp:post_password><![CDATA[]]></wp:post_password>
		<wp:is_sticky>0</wp:is_sticky>
										<category domain="nav_menu" nicename="menu"><![CDATA[MENÚ]]></category>
						<wp:postmeta>
		<wp:meta_key><![CDATA[_menu_item_type]]></wp:meta_key>
		<wp:meta_value><![CDATA[taxonomy]]></wp:meta_value>
		</wp:postmeta>
							<wp:postmeta>
		<wp:meta_key><![CDATA[_menu_item_menu_item_parent]]></wp:meta_key>
		<wp:meta_value><![CDATA[0]]></wp:meta_value>
		</wp:postmeta>
							<wp:postmeta>
		<wp:meta_key><![CDATA[_menu_item_object_id]]></wp:meta_key>
		<wp:meta_value><![CDATA[3]]></wp:meta_value>
		</wp:postmeta>
							<wp:postmeta>
		<wp:meta_key><![CDATA[_menu_item_object]]></wp:meta_key>
		<wp:meta_value><![CDATA[category]]></wp:meta_value>
		</wp:postmeta>
							<wp:postmeta>
		<wp:meta_key><![CDATA[_menu_item_target]]></wp:meta_key>
		<wp:meta_value><![CDATA[]]></wp:meta_value>
		</wp:postmeta>
							<wp:postmeta>
		<wp:meta_key><![CDATA[_menu_item_classes]]></wp:meta_key>
		<wp:meta_value><![CDATA[a:1:{i:0;s:0:"";}]]></wp:meta_value>
		</wp:postmeta>
							<wp:postmeta>
		<wp:meta_key><![CDATA[_menu_item_xfn]]></wp:meta_key>
		<wp:meta_value><![CDATA[]]></wp:meta_value>
		</wp:postmeta>
							<wp:postmeta>
		<wp:meta_key><![CDATA[_menu_item_url]]></wp:meta_key>
		<wp:meta_value><![CDATA[]]></wp:meta_value>
		</wp:postmeta>
							</item>
					<item>
		<title><![CDATA[¿QUE SUELO HACER EN MI TIEMPO LIBRE?]]></title>
		<link>http://localhost/wordpress/2022/01/19/que-suelo-hacer-en-mi-tiempo-libre/</link>
		<pubDate>Wed, 19 Jan 2022 10:14:32 +0000</pubDate>
		<dc:creator><![CDATA[sergioc]]></dc:creator>
		<guid isPermaLink="false">http://localhost/wordpress/?p=52</guid>
		<description></description>
		<content:encoded><![CDATA[En mi tiempo libre, como una persona más, me gusta hacer cosas con las que me sienta bien y me entretengan.
<img src="http://localhost/wordpress/wp-content/uploads/2022/01/49-496871_relax-wallpapers-hd-wallpapers-pulse-1366768-relax-relax.jpg" alt="" width="802" height="451" />
Las cosas que mas me entretienen hoy en día es hacer deporte en mi tiempo libre ya que me ayuda desconectar. En el gimnasio es muy fácil distraerse, tener la mente en blanco y ser solo la música y tú. También me gusta informarme a diario de temas como automóviles, informática, finanzas y lo relacionado con ello, nutrición entre otras.
Si os interesa el mundillo de los automóviles como a mi os dejo un video que os puede interesar.
&nbsp;https://youtu.be/JAWFJPKQWrA]]></content:encoded>
		<excerpt:encoded><![CDATA[]]></excerpt:encoded>
		<wp:post_id>52</wp:post_id>
		<wp:post_date><![CDATA[2022-01-19 10:14:32]]></wp:post_date>
		<wp:post_date_gmt><![CDATA[2022-01-19 10:14:32]]></wp:post_date_gmt>
		<wp:post_modified><![CDATA[2022-01-19 10:17:43]]></wp:post_modified>
		<wp:post_modified_gmt><![CDATA[2022-01-19 10:17:43]]></wp:post_modified_gmt>
		<wp:comment_status><![CDATA[open]]></wp:comment_status>
		<wp:ping_status><![CDATA[open]]></wp:ping_status>
		<wp:post_name><![CDATA[que-suelo-hacer-en-mi-tiempo-libre]]></wp:post_name>
		<wp:status><![CDATA[publish]]></wp:status>
		<wp:post_parent>0</wp:post_parent>
		<wp:menu_order>0</wp:menu_order>
		<wp:post_type><![CDATA[post]]></wp:post_type>
		<wp:post_password><![CDATA[]]></wp:post_password>
		<wp:is_sticky>0</wp:is_sticky>
										<category domain="category" nicename="sobre-mi"><![CDATA[Sobre mi]]></category>
						<wp:postmeta>
		<wp:meta_key><![CDATA[_edit_last]]></wp:meta_key>
		<wp:meta_value><![CDATA[1]]></wp:meta_value>
		</wp:postmeta>
							<wp:postmeta>
		<wp:meta_key><![CDATA[_wp_page_template]]></wp:meta_key>
		<wp:meta_value><![CDATA[default]]></wp:meta_value>
		</wp:postmeta>
							<wp:postmeta>
		<wp:meta_key><![CDATA[_kad_post_transparent]]></wp:meta_key>
		<wp:meta_value><![CDATA[default]]></wp:meta_value>
		</wp:postmeta>
							<wp:postmeta>
		<wp:meta_key><![CDATA[_kad_post_title]]></wp:meta_key>
		<wp:meta_value><![CDATA[default]]></wp:meta_value>
		</wp:postmeta>
							<wp:postmeta>
		<wp:meta_key><![CDATA[_kad_post_layout]]></wp:meta_key>
		<wp:meta_value><![CDATA[default]]></wp:meta_value>
		</wp:postmeta>
							<wp:postmeta>
		<wp:meta_key><![CDATA[_kad_post_content_style]]></wp:meta_key>
		<wp:meta_value><![CDATA[default]]></wp:meta_value>
		</wp:postmeta>
							<wp:postmeta>
		<wp:meta_key><![CDATA[_kad_post_vertical_padding]]></wp:meta_key>
		<wp:meta_value><![CDATA[default]]></wp:meta_value>
		</wp:postmeta>
							<wp:postmeta>
		<wp:meta_key><![CDATA[_elementor_edit_mode]]></wp:meta_key>
		<wp:meta_value><![CDATA[builder]]></wp:meta_value>
		</wp:postmeta>
							<wp:postmeta>
		<wp:meta_key><![CDATA[_elementor_template_type]]></wp:meta_key>
		<wp:meta_value><![CDATA[wp-post]]></wp:meta_value>
		</wp:postmeta>
							<wp:postmeta>
		<wp:meta_key><![CDATA[_elementor_version]]></wp:meta_key>
		<wp:meta_value><![CDATA[3.5.3]]></wp:meta_value>
		</wp:postmeta>
							<wp:postmeta>
		<wp:meta_key><![CDATA[_elementor_data]]></wp:meta_key>
		<wp:meta_value><![CDATA[[{"id":"3a33cafd","elType":"section","settings":[],"elements":[{"id":"7dbbc07d","elType":"column","settings":{"_column_size":100},"elements":[{"id":"6d422bfc","elType":"widget","settings":{"editor":"En mi tiempo libre, como una persona m\u00e1s, me gusta hacer cosas con las que me sienta bien y me entretengan.\r\n\r\n<img class=\"aligncenter wp-image-54\" src=\"http:\/\/localhost\/wordpress\/wp-content\/uploads\/2022\/01\/49-496871_relax-wallpapers-hd-wallpapers-pulse-1366768-relax-relax.jpg\" alt=\"\" width=\"802\" height=\"451\" \/>\r\n\r\nLas cosas que mas me entretienen hoy en d\u00eda es hacer deporte en mi tiempo libre ya que me ayuda desconectar. En el gimnasio es muy f\u00e1cil distraerse, tener la mente en blanco y ser solo la m\u00fasica y t\u00fa. Tambi\u00e9n me gusta informarme a diario de temas como autom\u00f3viles, inform\u00e1tica, finanzas y lo relacionado con ello, nutrici\u00f3n entre otras.\r\n\r\nSi os interesa el mundillo de los autom\u00f3viles como a mi os dejo un video que os puede interesar.\r\n\r\n&nbsp;"},"elements":[],"widgetType":"text-editor"}],"isInner":false}],"isInner":false},{"id":"72a1bd3","elType":"section","settings":[],"elements":[{"id":"87e272f","elType":"column","settings":{"_column_size":100,"_inline_size":null},"elements":[{"id":"d78c9c4","elType":"widget","settings":{"youtube_url":"https:\/\/youtu.be\/JAWFJPKQWrA","vimeo_url":"https:\/\/vimeo.com\/235215203","dailymotion_url":"https:\/\/www.dailymotion.com\/video\/x6tqhqb"},"elements":[],"widgetType":"video"}],"isInner":false}],"isInner":false}]]]></wp:meta_value>
		</wp:postmeta>
							<wp:postmeta>
		<wp:meta_key><![CDATA[_elementor_page_assets]]></wp:meta_key>
		<wp:meta_value><![CDATA[a:0:{}]]></wp:meta_value>
		</wp:postmeta>
							</item>
					<item>
		<title><![CDATA[49-496871_relax-wallpapers-hd-wallpapers-pulse-1366768-relax-relax]]></title>
		<link>http://localhost/wordpress/2022/01/19/que-suelo-hacer-en-mi-tiempo-libre/49-496871_relax-wallpapers-hd-wallpapers-pulse-1366768-relax-relax/</link>
		<pubDate>Wed, 19 Jan 2022 10:14:40 +0000</pubDate>
		<dc:creator><![CDATA[sergioc]]></dc:creator>
		<guid isPermaLink="false">http://localhost/wordpress/wp-content/uploads/2022/01/49-496871_relax-wallpapers-hd-wallpapers-pulse-1366768-relax-relax.jpg</guid>
		<description></description>
		<content:encoded><![CDATA[]]></content:encoded>
		<excerpt:encoded><![CDATA[]]></excerpt:encoded>
		<wp:post_id>54</wp:post_id>
		<wp:post_date><![CDATA[2022-01-19 10:14:40]]></wp:post_date>
		<wp:post_date_gmt><![CDATA[2022-01-19 10:14:40]]></wp:post_date_gmt>
		<wp:post_modified><![CDATA[2022-01-19 10:14:54]]></wp:post_modified>
		<wp:post_modified_gmt><![CDATA[2022-01-19 10:14:54]]></wp:post_modified_gmt>
		<wp:comment_status><![CDATA[open]]></wp:comment_status>
		<wp:ping_status><![CDATA[closed]]></wp:ping_status>
		<wp:post_name><![CDATA[49-496871_relax-wallpapers-hd-wallpapers-pulse-1366768-relax-relax]]></wp:post_name>
		<wp:status><![CDATA[inherit]]></wp:status>
		<wp:post_parent>52</wp:post_parent>
		<wp:menu_order>0</wp:menu_order>
		<wp:post_type><![CDATA[attachment]]></wp:post_type>
		<wp:post_password><![CDATA[]]></wp:post_password>
		<wp:is_sticky>0</wp:is_sticky>
						<wp:attachment_url><![CDATA[http://localhost/wordpress/wp-content/uploads/2022/01/49-496871_relax-wallpapers-hd-wallpapers-pulse-1366768-relax-relax.jpg]]></wp:attachment_url>
											<wp:postmeta>
		<wp:meta_key><![CDATA[_wp_attached_file]]></wp:meta_key>
		<wp:meta_value><![CDATA[2022/01/49-496871_relax-wallpapers-hd-wallpapers-pulse-1366768-relax-relax.jpg]]></wp:meta_value>
		</wp:postmeta>
							<wp:postmeta>
		<wp:meta_key><![CDATA[_wp_attachment_metadata]]></wp:meta_key>
		<wp:meta_value><![CDATA[a:5:{s:5:"width";i:1920;s:6:"height";i:1080;s:4:"file";s:78:"2022/01/49-496871_relax-wallpapers-hd-wallpapers-pulse-1366768-relax-relax.jpg";s:5:"sizes";a:0:{}s:10:"image_meta";a:12:{s:8:"aperture";s:1:"0";s:6:"credit";s:0:"";s:6:"camera";s:0:"";s:7:"caption";s:0:"";s:17:"created_timestamp";s:1:"0";s:9:"copyright";s:0:"";s:12:"focal_length";s:1:"0";s:3:"iso";s:1:"0";s:13:"shutter_speed";s:1:"0";s:5:"title";s:0:"";s:11:"orientation";s:1:"0";s:8:"keywords";a:0:{}}}]]></wp:meta_value>
		</wp:postmeta>
							</item>
				</channel>
</rss>
	